imagen,clase_id,clase_nombre,confianza
00000391_jpg.rf.633e84bf6fe7a710d84aeb6bc170c673.jpg,4,Safety Vest,0.865366518497467
00000391_jpg.rf.633e84bf6fe7a710d84aeb6bc170c673.jpg,4,Safety Vest,0.8578596711158752
00000391_jpg.rf.633e84bf6fe7a710d84aeb6bc170c673.jpg,1,Helmet,0.8447943925857544
00000391_jpg.rf.633e84bf6fe7a710d84aeb6bc170c673.jpg,1,Helmet,0.8264042139053345
00000391_jpg.rf.633e84bf6fe7a710d84aeb6bc170c673.jpg,1,Helmet,0.805213451385498
00000391_jpg.rf.633e84bf6fe7a710d84aeb6bc170c673.jpg,4,Safety Vest,0.7919528484344482
00000391_jpg.rf.633e84bf6fe7a710d84aeb6bc170c673.jpg,1,Helmet,0.7903457880020142
00000391_jpg.rf.633e84bf6fe7a710d84aeb6bc170c673.jpg,1,Helmet,0.7861879467964172
00000391_jpg.rf.633e84bf6fe7a710d84aeb6bc170c673.jpg,1,Helmet,0.7559625506401062
